Sadly-Fearful/45_Sadly-Fearful_0,5
Sadly-Fearful/39_Sadly-Fearful_0,5
Sadly-Fearful/26_Sadly-Fearful_5,5
Happily-Surprised/04_Happily-Surprised_0,1
Happily-Surprised/04_Happily-Surprised_1,1
Happily-Surprised/05_Happily-Surprised_0,1
Disgustedly-Surprised/03_Disgustedly-Surprised_0,3
Disgustedly-Surprised/32_Disgustedly-Surprised_0,3
Sadly-Surprised/40_Sadly-Surprised_1,2
Sadly-Surprised/14_Sadly-Surprised_6,2
Angrily-Surprised/17_Angrily-Surprised_0,4
Sadly-Angry/27_Sadly-Angry_0,6
Sadly-Angry/35_Sadly-Angry_0,6
Sadly-Angry/26_Sadly-Angry_0,6
Fearfully-Surprised/18_Fearfully-Surprised_0,0
Fearfully-Surprised/05_Fearfully-Surprised_0,0
Fearfully-Surprised/48_Fearfully-Surprised_0,0
Fearfully-Surprised/32_Fearfully-Surprised_1,0
Other/12_Other_0,7
Other/18_Other_0,7
Other/01_Other_0,7
Other/41_Other_0,7
